{
  "project_info": {
    "project_number": "524388151163",
    "project_id": "inventorycontrolv1",
    "storage_bucket": "inventorycontrolv1.appspot.com"
  },
  "client": [
    {
      "client_info": {
        "mobilesdk_app_id": "1:524388151163:android:ce6132005705f8837d97de",
        "android_client_info": {
          "package_name": "com.anydigital.inventorycontrolv1"
        }
      },
      "oauth_client": [
        {
          "client_id": "524388151163-0dq290lqddpitd7f1gvmc1t9k8e5e11u.apps.googleusercontent.com",
          "client_type": 3
        }
      ],
      "api_key": [
        {
          "current_key": "AIzaSyDUNfTnDOoLnVMCO7YjNZJYc7t1jipFvkg"
        }
      ],
      "services": {
        "appinvite_service": {
          "other_platform_oauth_client": [
            {
              "client_id": "524388151163-0dq290lqddpitd7f1gvmc1t9k8e5e11u.apps.googleusercontent.com",
              "client_type": 3
            }
          ]
        }
      }
    }
  ],
  "configuration_version": "1"
}